{"bucket":{"_id":"5aa9219e86e37313dc96a64e","slug":"medical-professional-nuxt-js","title":"Medical Professional Nuxt Js","object_types":[{"title":"Globals","slug":"globals","singular":"Global","metafields":[],"options":{"slug_field":1,"content_editor":0,"add_metafields":0,"metafields_title":0,"metafields_key":0},"localization":false,"locales":""},{"title":"Pages","slug":"pages","singular":"Page","metafields":[{"edit":1,"value":"This is the SEO description.  Keep it short.","key":"seo_description","title":"SEO Description","type":"textarea","children":null}],"options":{"slug_field":1,"content_editor":1,"add_metafields":0,"metafields_title":0,"metafields_key":0},"localization":false,"locales":""},{"title":"Blogs","slug":"blogs","singular":"Blog","metafields":[{"value":"","key":"hero","title":"Hero","type":"file","children":false},{"edit":1,"value":"","key":"teaser","title":"Teaser","type":"textarea","children":null},{"value":"This is the SEO description.  Keep it short.","key":"seo_description","title":"SEO Description","type":"textarea","children":false},{"object_type":"authors","value":"","key":"author","title":"Author","type":"object","children":false}],"options":{"slug_field":1,"content_editor":1,"add_metafields":0,"metafields_title":0,"metafields_key":0},"localization":false,"locales":""},{"title":"Form Submissions","slug":"form-submissions","singular":"Form Submission","metafields":[],"options":{"slug_field":1,"content_editor":1,"add_metafields":0,"metafields_title":0,"metafields_key":0},"localization":false,"locales":""},{"title":"Authors","slug":"authors","singular":"Author","metafields":[{"edit":1,"value":"","key":"image","title":"Image","type":"file","children":null}],"options":{"slug_field":1,"content_editor":1,"add_metafields":1,"metafields_title":1,"metafields_key":1}}],"links":[],"objects":[{"_id":"5aa921fe86e37313dc96a656","old_id":"5a9d384785e79769d995433a","bucket":"5aa9219e86e37313dc96a64e","slug":"chad-henly","title":"Chad Henly","content":"","metafields":[{"value":"2c9b41c0-52a6-11e6-a069-734be6eb1ef6-doc.png","key":"image","title":"Image","type":"file","children":false}],"type_slug":"authors","created":"2018-03-14T13:22:06.579Z","created_at":"2018-03-14T13:22:06.579Z","user_id":"5982e43580aaa862200007ac","options":{"slug_field":1,"content_editor":1},"order":0,"status":"published"},{"_id":"5aa921fe86e37313dc96a657","old_id":"5a9d384785e79769d9954339","bucket":"5aa9219e86e37313dc96a64e","slug":"contact-form","title":"Contact Form","content":"","metafields":[{"edit":1,"value":"tony@cosmicjs.com","key":"to","title":"To","type":"text","children":null},{"edit":1,"value":"A new form submission on your website","key":"subject","title":"Subject","type":"text","children":null}],"type_slug":"globals","created":"2018-03-14T13:22:06.581Z","created_at":"2018-03-14T13:22:06.581Z","user_id":"5982e43580aaa862200007ac","options":{"slug_field":1,"content_editor":0},"order":0,"status":null},{"_id":"5aa921fe86e37313dc96a658","old_id":"5a9d384785e79769d995433b","bucket":"5aa9219e86e37313dc96a64e","slug":"a-very-important-topic-your-health","title":"A Very Important Topic: Your Health","content":"<p style=\"margin-bottom: 1em; padding: 0px; border: 0px; outline: 0px; vertical-align: baseline;\">Aerobic activity alcoholism animal dander arthritis body type certified diabetes educators (cdes) diagnosis ear canal external otitis genes glucagon growth hormone hormone ibuprofen joints keratin ketones myopia nebulizer optometrist retina rheumatologist sternutation varicella zoster violence virus. Allergen allergy allergy shots and immunotherapy allergy-triggered asthma anesthesia blood bank cancer carbohydrate counting cardiologist dandruff genes hemangioma hydrocortisone insulin lymph nasal cavity scoliosis semicircular canals skin test x-ray. Allergist antibiotics anus blood type diabetes mellitus exercise-induced asthma gingivitis glycemic index gums ibuprofen involuntary muscle lung function tests nutrition otitis media otolaryngologist pediatric endocrinologist scoliosis seizure.</p><p style=\"margin-bottom: 1em; padding: 0px; border: 0px; outline: 0px; vertical-align: baseline;\">Alignment astigmatism astringents blood bank blood type bronchial tubes cancer cerumen dermatologist emotions enuresis fracture heredity humidifier keratin lacrimal glands optician optometrist peak flow meter pneumonia rx scar sphenopalatineganglioneuralgia stethoscope urticaria vertebrae virus whitehead. Abrasion acne allergist anus astringents beta cells bronchodilator cerebellum congestion conjunctivitis diaphragm frostbite glycosylated hemoglobin test (hemoglobin a1c) immunotherapy and allergy shots insulin resistance melanin ophthalmologist rheumatologist scar stapes symptoms tobacco urine vaccine varicella zoster wheeze. Addiction blackhead cornea dyslexia gastric juices ketoacidosis retinopathy rhinovirus stethoscope virus.</p><p style=\"margin-bottom: 1em; padding: 0px; border: 0px; outline: 0px; vertical-align: baseline;\">Airway obstruction alcoholism alignment amputate anus bone marrow braces bronchodilator caries ear canal enuresis farsighted frenulum frostbite hydrogen peroxide hyperopia involuntary muscle iv ketones larynx microscope nutrition perspiration pinna social worker ultrasound urinalysis violence virus. Alignment anesthesia body type bone marrow chromosomes corticosteroids dehydration dna exercise-induced asthma external otitis fats frostbite gastroenteritis genes gluteus maximus hormone hyperglycemia influenza malocclusion petroleum jelly prosthesis sclera taste buds triggers. Abrasion conjunctivitis dust mites dyslexia genes genetics growth hormone laparoscopy nearsighted optician saliva skin test social worker strep screen triggers.</p><p style=\"margin-bottom: 1em; padding: 0px; border: 0px; outline: 0px; vertical-align: baseline;\">Cancer cardiologist chromosomes cone ct scan or cat scan dust mites glycogen hormone icu immunizations lymph node mucus pediatric endocrinologist polyphagia saliva stress sulfites tinnitus triggers. Biopsy bronchial tubes bronchoconstriction certified diabetes educators (cdes) dandruff diarrhea enamel er fluoride gingivitis icu lymph node occupational therapy oncologist optometrist rheumatologist tobacco triggers ultrasound urticaria vaccine vertebrae. Allergen allergy shots and immunotherapy body type bronchoconstriction bruise dermatologist diagnosis eczema exercise-induced asthma gastric juices genetics gluteus maximus hydrogen peroxide immunizations insulin lymph node nebulizer sphenopalatineganglioneuralgia spirometer stress suture umbilical cord.</p><p style=\"margin-bottom: 1em; padding: 0px; border: 0px; outline: 0px; vertical-align: baseline;\">Carbohydrate counting ct scan or cat scan diagnosis er genes humidifier ketoacidosis night guard pupil retractions sulfites virus. Allergen antihistamines braces cerebellum chronic congestion decongestants eustachian tube floss genetics hematoma hydrogen peroxide hyperopia lacrimal glands optometrist sebaceous glands skin test social worker sphenopalatineganglioneuralgia suture urinalysis urticaria violence. Antibiotics arteries and veins eeg (electroencephalogram) gastroenteritis hyperopia ibuprofen insulin injections ketones laxatives nephropathy nervous system rhinovirus stapes taste buds. Bruxism cardiologist cornea heredity insulin resistance involuntary muscle occupational therapist optician pulmonologist skin test.</p>","metafields":[{"value":"71f30d70-52d3-11e6-a069-734be6eb1ef6-shutterstock_208763188.png","key":"hero","title":"Hero","type":"file","children":false},{"value":"This is the SEO description.  Keep it short.","key":"seo_description","title":"SEO Description","type":"textarea","children":false},{"object_type":"authors","value":"5aa921fe86e37313dc96a656","key":"author","title":"Author","type":"object","children":false},{"value":"Aerobic activity alcoholism animal dander arthritis body type certified diabetes educators (cdes) diagnosis ear canal external otitis genes glucagon growth hormone hormone ibuprofen joints keratin ketones myopia nebulizer optometrist retina rheumatologist sternutation varicella zoster violence virus.","key":"teaser","title":"Teaser","type":"textarea","children":false}],"type_slug":"blogs","created":"2018-03-14T13:22:06.582Z","created_at":"2018-03-14T13:22:06.582Z","user_id":"5982e43580aaa862200007ac","options":{"slug_field":1,"content_editor":1},"order":0,"status":"published"},{"_id":"5aa921fe86e37313dc96a659","old_id":"5a9d384785e79769d995433c","bucket":"5aa9219e86e37313dc96a64e","slug":"new-york-medical-services","title":"New York Medical Services","content":"<p style=\"margin-bottom: 1em; padding: 0px; border: 0px; outline: 0px; vertical-align: baseline;\">Aerobic activity alcoholism animal dander arthritis body type certified diabetes educators (cdes) diagnosis ear canal external otitis genes glucagon growth hormone hormone ibuprofen joints keratin ketones myopia nebulizer optometrist retina rheumatologist sternutation varicella zoster violence virus. Allergen allergy allergy shots and immunotherapy allergy-triggered asthma anesthesia blood bank cancer carbohydrate counting cardiologist dandruff genes hemangioma hydrocortisone insulin lymph nasal cavity scoliosis semicircular canals skin test x-ray. Allergist antibiotics anus blood type diabetes mellitus exercise-induced asthma gingivitis glycemic index gums ibuprofen involuntary muscle lung function tests nutrition otitis media otolaryngologist pediatric endocrinologist scoliosis seizure.</p><p style=\"margin-bottom: 1em; padding: 0px; border: 0px; outline: 0px; vertical-align: baseline;\">Alignment astigmatism astringents blood bank blood type bronchial tubes cancer cerumen dermatologist emotions enuresis fracture heredity humidifier keratin lacrimal glands optician optometrist peak flow meter pneumonia rx scar sphenopalatineganglioneuralgia stethoscope urticaria vertebrae virus whitehead. Abrasion acne allergist anus astringents beta cells bronchodilator cerebellum congestion conjunctivitis diaphragm frostbite glycosylated hemoglobin test (hemoglobin a1c) immunotherapy and allergy shots insulin resistance melanin ophthalmologist rheumatologist scar stapes symptoms tobacco urine vaccine varicella zoster wheeze. Addiction blackhead cornea dyslexia gastric juices ketoacidosis retinopathy rhinovirus stethoscope virus.</p><p style=\"margin-bottom: 1em; padding: 0px; border: 0px; outline: 0px; vertical-align: baseline;\">Airway obstruction alcoholism alignment amputate anus bone marrow braces bronchodilator caries ear canal enuresis farsighted frenulum frostbite hydrogen peroxide hyperopia involuntary muscle iv ketones larynx microscope nutrition perspiration pinna social worker ultrasound urinalysis violence virus. Alignment anesthesia body type bone marrow chromosomes corticosteroids dehydration dna exercise-induced asthma external otitis fats frostbite gastroenteritis genes gluteus maximus hormone hyperglycemia influenza malocclusion petroleum jelly prosthesis sclera taste buds triggers. Abrasion conjunctivitis dust mites dyslexia genes genetics growth hormone laparoscopy nearsighted optician saliva skin test social worker strep screen triggers.</p><p style=\"margin-bottom: 1em; padding: 0px; border: 0px; outline: 0px; vertical-align: baseline;\">Cancer cardiologist chromosomes cone ct scan or cat scan dust mites glycogen hormone icu immunizations lymph node mucus pediatric endocrinologist polyphagia saliva stress sulfites tinnitus triggers. Biopsy bronchial tubes bronchoconstriction certified diabetes educators (cdes) dandruff diarrhea enamel er fluoride gingivitis icu lymph node occupational therapy oncologist optometrist rheumatologist tobacco triggers ultrasound urticaria vaccine vertebrae. Allergen allergy shots and immunotherapy body type bronchoconstriction bruise dermatologist diagnosis eczema exercise-induced asthma gastric juices genetics gluteus maximus hydrogen peroxide immunizations insulin lymph node nebulizer sphenopalatineganglioneuralgia spirometer stress suture umbilical cord.</p><p style=\"margin-bottom: 1em; padding: 0px; border: 0px; outline: 0px; vertical-align: baseline;\">Carbohydrate counting ct scan or cat scan diagnosis er genes humidifier ketoacidosis night guard pupil retractions sulfites virus. Allergen antihistamines braces cerebellum chronic congestion decongestants eustachian tube floss genetics hematoma hydrogen peroxide hyperopia lacrimal glands optometrist sebaceous glands skin test social worker sphenopalatineganglioneuralgia suture urinalysis urticaria violence. Antibiotics arteries and veins eeg (electroencephalogram) gastroenteritis hyperopia ibuprofen insulin injections ketones laxatives nephropathy nervous system rhinovirus stapes taste buds. Bruxism cardiologist cornea heredity insulin resistance involuntary muscle occupational therapist optician pulmonologist skin test.</p>","metafields":[{"value":"This is the SEO description.  Keep it short.","key":"seo_description","title":"SEO Description","type":"textarea","children":false}],"type_slug":"pages","created":"2018-03-14T13:22:06.584Z","created_at":"2018-03-14T13:22:06.584Z","user_id":"5982e43580aaa862200007ac","options":{"slug_field":1,"content_editor":1},"order":0,"status":"published"},{"_id":"5aa921fe86e37313dc96a65a","old_id":"5a9d384785e79769d995433d","bucket":"5aa9219e86e37313dc96a64e","slug":"los-angeles-medical-services","title":"Los Angeles Medical Services","content":"<p style=\"margin-bottom: 1em; padding: 0px; border: 0px; outline: 0px; vertical-align: baseline;\">Aerobic activity alcoholism animal dander arthritis body type certified diabetes educators (cdes) diagnosis ear canal external otitis genes glucagon growth hormone hormone ibuprofen joints keratin ketones myopia nebulizer optometrist retina rheumatologist sternutation varicella zoster violence virus. Allergen allergy allergy shots and immunotherapy allergy-triggered asthma anesthesia blood bank cancer carbohydrate counting cardiologist dandruff genes hemangioma hydrocortisone insulin lymph nasal cavity scoliosis semicircular canals skin test x-ray. Allergist antibiotics anus blood type diabetes mellitus exercise-induced asthma gingivitis glycemic index gums ibuprofen involuntary muscle lung function tests nutrition otitis media otolaryngologist pediatric endocrinologist scoliosis seizure.</p><p style=\"margin-bottom: 1em; padding: 0px; border: 0px; outline: 0px; vertical-align: baseline;\">Alignment astigmatism astringents blood bank blood type bronchial tubes cancer cerumen dermatologist emotions enuresis fracture heredity humidifier keratin lacrimal glands optician optometrist peak flow meter pneumonia rx scar sphenopalatineganglioneuralgia stethoscope urticaria vertebrae virus whitehead. Abrasion acne allergist anus astringents beta cells bronchodilator cerebellum congestion conjunctivitis diaphragm frostbite glycosylated hemoglobin test (hemoglobin a1c) immunotherapy and allergy shots insulin resistance melanin ophthalmologist rheumatologist scar stapes symptoms tobacco urine vaccine varicella zoster wheeze. Addiction blackhead cornea dyslexia gastric juices ketoacidosis retinopathy rhinovirus stethoscope virus.</p><p style=\"margin-bottom: 1em; padding: 0px; border: 0px; outline: 0px; vertical-align: baseline;\">Airway obstruction alcoholism alignment amputate anus bone marrow braces bronchodilator caries ear canal enuresis farsighted frenulum frostbite hydrogen peroxide hyperopia involuntary muscle iv ketones larynx microscope nutrition perspiration pinna social worker ultrasound urinalysis violence virus. Alignment anesthesia body type bone marrow chromosomes corticosteroids dehydration dna exercise-induced asthma external otitis fats frostbite gastroenteritis genes gluteus maximus hormone hyperglycemia influenza malocclusion petroleum jelly prosthesis sclera taste buds triggers. Abrasion conjunctivitis dust mites dyslexia genes genetics growth hormone laparoscopy nearsighted optician saliva skin test social worker strep screen triggers.</p><p style=\"margin-bottom: 1em; padding: 0px; border: 0px; outline: 0px; vertical-align: baseline;\">Cancer cardiologist chromosomes cone ct scan or cat scan dust mites glycogen hormone icu immunizations lymph node mucus pediatric endocrinologist polyphagia saliva stress sulfites tinnitus triggers. Biopsy bronchial tubes bronchoconstriction certified diabetes educators (cdes) dandruff diarrhea enamel er fluoride gingivitis icu lymph node occupational therapy oncologist optometrist rheumatologist tobacco triggers ultrasound urticaria vaccine vertebrae. Allergen allergy shots and immunotherapy body type bronchoconstriction bruise dermatologist diagnosis eczema exercise-induced asthma gastric juices genetics gluteus maximus hydrogen peroxide immunizations insulin lymph node nebulizer sphenopalatineganglioneuralgia spirometer stress suture umbilical cord.</p><p style=\"margin-bottom: 1em; padding: 0px; border: 0px; outline: 0px; vertical-align: baseline;\">Carbohydrate counting ct scan or cat scan diagnosis er genes humidifier ketoacidosis night guard pupil retractions sulfites virus. Allergen antihistamines braces cerebellum chronic congestion decongestants eustachian tube floss genetics hematoma hydrogen peroxide hyperopia lacrimal glands optometrist sebaceous glands skin test social worker sphenopalatineganglioneuralgia suture urinalysis urticaria violence. Antibiotics arteries and veins eeg (electroencephalogram) gastroenteritis hyperopia ibuprofen insulin injections ketones laxatives nephropathy nervous system rhinovirus stapes taste buds. Bruxism cardiologist cornea heredity insulin resistance involuntary muscle occupational therapist optician pulmonologist skin test.</p>","metafields":[{"value":"This is the SEO description.  Keep it short.","key":"seo_description","title":"SEO Description","type":"textarea","children":false}],"type_slug":"pages","created":"2018-03-14T13:22:06.585Z","created_at":"2018-03-14T13:22:06.585Z","user_id":"5982e43580aaa862200007ac","options":{"slug_field":1,"content_editor":1},"order":1,"status":"published"},{"_id":"5aa921fe86e37313dc96a65b","old_id":"5a9d384785e79769d995433e","bucket":"5aa9219e86e37313dc96a64e","slug":"chicago-medical-services","title":"Chicago Medical Services","content":"<p style=\"margin-bottom: 1em; padding: 0px; border: 0px; outline: 0px; vertical-align: baseline;\">Aerobic activity alcoholism animal dander arthritis body type certified diabetes educators (cdes) diagnosis ear canal external otitis genes glucagon growth hormone hormone ibuprofen joints keratin ketones myopia nebulizer optometrist retina rheumatologist sternutation varicella zoster violence virus. Allergen allergy allergy shots and immunotherapy allergy-triggered asthma anesthesia blood bank cancer carbohydrate counting cardiologist dandruff genes hemangioma hydrocortisone insulin lymph nasal cavity scoliosis semicircular canals skin test x-ray. Allergist antibiotics anus blood type diabetes mellitus exercise-induced asthma gingivitis glycemic index gums ibuprofen involuntary muscle lung function tests nutrition otitis media otolaryngologist pediatric endocrinologist scoliosis seizure.</p><p style=\"margin-bottom: 1em; padding: 0px; border: 0px; outline: 0px; vertical-align: baseline;\">Alignment astigmatism astringents blood bank blood type bronchial tubes cancer cerumen dermatologist emotions enuresis fracture heredity humidifier keratin lacrimal glands optician optometrist peak flow meter pneumonia rx scar sphenopalatineganglioneuralgia stethoscope urticaria vertebrae virus whitehead. Abrasion acne allergist anus astringents beta cells bronchodilator cerebellum congestion conjunctivitis diaphragm frostbite glycosylated hemoglobin test (hemoglobin a1c) immunotherapy and allergy shots insulin resistance melanin ophthalmologist rheumatologist scar stapes symptoms tobacco urine vaccine varicella zoster wheeze. Addiction blackhead cornea dyslexia gastric juices ketoacidosis retinopathy rhinovirus stethoscope virus.</p><p style=\"margin-bottom: 1em; padding: 0px; border: 0px; outline: 0px; vertical-align: baseline;\">Airway obstruction alcoholism alignment amputate anus bone marrow braces bronchodilator caries ear canal enuresis farsighted frenulum frostbite hydrogen peroxide hyperopia involuntary muscle iv ketones larynx microscope nutrition perspiration pinna social worker ultrasound urinalysis violence virus. Alignment anesthesia body type bone marrow chromosomes corticosteroids dehydration dna exercise-induced asthma external otitis fats frostbite gastroenteritis genes gluteus maximus hormone hyperglycemia influenza malocclusion petroleum jelly prosthesis sclera taste buds triggers. Abrasion conjunctivitis dust mites dyslexia genes genetics growth hormone laparoscopy nearsighted optician saliva skin test social worker strep screen triggers.</p><p style=\"margin-bottom: 1em; padding: 0px; border: 0px; outline: 0px; vertical-align: baseline;\">Cancer cardiologist chromosomes cone ct scan or cat scan dust mites glycogen hormone icu immunizations lymph node mucus pediatric endocrinologist polyphagia saliva stress sulfites tinnitus triggers. Biopsy bronchial tubes bronchoconstriction certified diabetes educators (cdes) dandruff diarrhea enamel er fluoride gingivitis icu lymph node occupational therapy oncologist optometrist rheumatologist tobacco triggers ultrasound urticaria vaccine vertebrae. Allergen allergy shots and immunotherapy body type bronchoconstriction bruise dermatologist diagnosis eczema exercise-induced asthma gastric juices genetics gluteus maximus hydrogen peroxide immunizations insulin lymph node nebulizer sphenopalatineganglioneuralgia spirometer stress suture umbilical cord.</p><p style=\"margin-bottom: 1em; padding: 0px; border: 0px; outline: 0px; vertical-align: baseline;\">Carbohydrate counting ct scan or cat scan diagnosis er genes humidifier ketoacidosis night guard pupil retractions sulfites virus. Allergen antihistamines braces cerebellum chronic congestion decongestants eustachian tube floss genetics hematoma hydrogen peroxide hyperopia lacrimal glands optometrist sebaceous glands skin test social worker sphenopalatineganglioneuralgia suture urinalysis urticaria violence. Antibiotics arteries and veins eeg (electroencephalogram) gastroenteritis hyperopia ibuprofen insulin injections ketones laxatives nephropathy nervous system rhinovirus stapes taste buds. Bruxism cardiologist cornea heredity insulin resistance involuntary muscle occupational therapist optician pulmonologist skin test.</p>","metafields":[{"value":"This is the SEO description.  Keep it short.","key":"seo_description","title":"SEO Description","type":"textarea","children":false}],"type_slug":"pages","created":"2018-03-14T13:22:06.586Z","created_at":"2018-03-14T13:22:06.586Z","user_id":"5982e43580aaa862200007ac","options":{"slug_field":1,"content_editor":1},"order":2,"status":"published"},{"_id":"5aa921fe86e37313dc96a65c","old_id":"5a9d384785e79769d995433f","bucket":"5aa9219e86e37313dc96a64e","slug":"header","title":"Header","content":"","metafields":[{"value":"991f6b90-51c1-11e6-9e30-fb7e1b19bdc0-Screen Shot 2016-07-24 at 12.10.24 PM.png","key":"logo","title":"Logo","type":"file","children":false},{"value":"Medicenter | Your one-stop shop for all medical needs","key":"site_title","title":"Site Title","type":"text","children":false},{"value":"0713f190-51ca-11e6-9e30-fb7e1b19bdc0-Screen Shot 2016-07-24 at 1.11.05 PM.png","key":"favicon","title":"Favicon","type":"file","children":false}],"type_slug":"globals","created":"2018-03-14T13:22:06.587Z","created_at":"2018-03-14T13:22:06.587Z","user_id":"5982e43580aaa862200007ac","options":{"slug_field":1,"content_editor":0,"add_metafields":0,"metafields_title":0,"metafields_key":0},"order":3,"status":"published"},{"_id":"5aa921fe86e37313dc96a65d","old_id":"5a9d384785e79769d9954340","bucket":"5aa9219e86e37313dc96a64e","slug":"contact","title":"Contact Us","content":"<p>Aerobic activity alcoholism animal dander arthritis body type certified diabetes educators (cdes) diagnosis ear canal external otitis genes glucagon growth hormone hormone ibuprofen joints keratin ketones myopia nebulizer optometrist retina rheumatologist sternutation varicella zoster violence virus.<br></p>","metafields":[{"value":"This is the SEO description.  Keep it short.","key":"seo_description","title":"SEO Description","type":"textarea","children":false},{"value":"Success!  A rep from our office will be in touch soon!","key":"contact_form_success_message","title":"Contact Form Success Message","type":"textarea","children":false}],"type_slug":"pages","created":"2018-03-14T13:22:06.588Z","created_at":"2018-03-14T13:22:06.588Z","user_id":"5982e43580aaa862200007ac","options":{"slug_field":1,"content_editor":1},"order":3,"status":"published"},{"_id":"5aa921fe86e37313dc96a65e","old_id":"5a9d384785e79769d9954341","bucket":"5aa9219e86e37313dc96a64e","slug":"nav","title":"Nav","content":"","metafields":[{"value":"/","key":"home","title":"Home","type":"text","children":false},{"value":"/about-us","key":"about_us","title":"About Us","type":"text","children":false},{"value":"","key":"services","title":"Services","type":"text","children":[{"value":"/deciding-on-care","key":"deciding_on_care","title":"Deciding on Care","type":"text","children":false},{"value":"/specialty-centers-and-programs","key":"specialty_centers_and_programs","title":"Specialty Centers and Programs","type":"text","children":false}]},{"value":"","key":"areas_served","title":"Areas Served","type":"text","children":[{"value":"new-york-medical-services","key":"new_york","title":"New York","type":"text","children":false},{"value":"los-angeles-medical-services","key":"los_angeles","title":"Los Angeles","type":"text","children":false},{"value":"chicago-medical-services","key":"chicago","title":"Chicago","type":"text","children":false}]},{"value":"/blog","key":"blog","title":"Blog","type":"text","children":false},{"value":"/faqs","key":"faqs","title":"FAQs","type":"text","children":false},{"value":"/contact","key":"contact_us","title":"Contact Us","type":"text","children":false},{"value":"/search","key":"search","title":"Search","type":"text","children":false}],"type_slug":"globals","created":"2018-03-14T13:22:06.589Z","created_at":"2018-03-14T13:22:06.589Z","user_id":"5982e43580aaa862200007ac","options":{"slug_field":1,"content_editor":0},"order":4,"status":"published"},{"_id":"5aa921fe86e37313dc96a65f","old_id":"5a9d384785e79769d9954342","bucket":"5aa9219e86e37313dc96a64e","slug":"faqs","title":"FAQs","content":"","metafields":[{"value":"","key":"faqs","title":"FAQs","type":"text","children":[{"value":"Aerobic activity alcoholism animal dander arthritis body type certified diabetes educators (cdes) diagnosis ear canal external otitis genes glucagon growth hormone hormone ibuprofen joints keratin ketones myopia nebulizer optometrist retina rheumatologist sternutation varicella zoster violence virus.","key":"how_long_does_a_procedure_take","title":"How long does a procedure take?","type":"textarea","children":false},{"value":"Aerobic activity alcoholism animal dander arthritis body type certified diabetes educators (cdes) diagnosis ear canal external otitis genes glucagon growth hormone hormone ibuprofen joints keratin ketones myopia nebulizer optometrist retina rheumatologist sternutation varicella zoster violence virus.","key":"what_insurance_providers_do_you_accept","title":"What insurance providers do you accept?","type":"textarea","children":false},{"value":"Aerobic activity alcoholism animal dander arthritis body type certified diabetes educators (cdes) diagnosis ear canal external otitis genes glucagon growth hormone hormone ibuprofen joints keratin ketones myopia nebulizer optometrist retina rheumatologist sternutation varicella zoster violence virus.","key":"how_do_i_know_if_i_need_treatment","title":"How do I know if I need treatment?","type":"textarea","children":false}]},{"value":"This is the SEO description.  Keep it short.","key":"seo_description","title":"SEO Description","type":"textarea","children":false}],"type_slug":"pages","created":"2018-03-14T13:22:06.590Z","created_at":"2018-03-14T13:22:06.590Z","user_id":"5982e43580aaa862200007ac","options":{"slug_field":1,"content_editor":0,"add_metafields":0,"metafields_title":0,"metafields_key":0},"order":4,"status":"published"},{"_id":"5aa921fe86e37313dc96a660","old_id":"5a9d384785e79769d9954343","bucket":"5aa9219e86e37313dc96a64e","slug":"blog","title":"Blog","content":"","metafields":[{"value":"This is the SEO description.  Keep it short.","key":"seo_description","title":"SEO Description","type":"textarea","children":false}],"type_slug":"pages","created":"2018-03-14T13:22:06.591Z","created_at":"2018-03-14T13:22:06.591Z","user_id":"5982e43580aaa862200007ac","options":{"slug_field":1,"content_editor":1},"order":5,"status":null},{"_id":"5aa921fe86e37313dc96a661","old_id":"5a9d384785e79769d9954344","bucket":"5aa9219e86e37313dc96a64e","slug":"social","title":"Social","content":"","metafields":[{"value":"https://www.facebook.com","key":"facebook","title":"Facebook","type":"text","children":false},{"value":"https://twitter.com","key":"twitter","title":"Twitter","type":"text","children":false},{"value":"https://plus.google.com","key":"google_plus","title":"Google Plus","type":"text","children":false}],"type_slug":"globals","created":"2018-03-14T13:22:06.592Z","created_at":"2018-03-14T13:22:06.592Z","user_id":"5982e43580aaa862200007ac","options":{"slug_field":1,"content_editor":0},"order":5,"status":"published"},{"_id":"5aa921fe86e37313dc96a662","old_id":"5a9d384785e79769d9954345","bucket":"5aa9219e86e37313dc96a64e","slug":"search","title":"Search","content":"","metafields":[{"value":"This is the SEO description.  Keep it short.","key":"seo_description","title":"SEO Description","type":"textarea","children":false}],"type_slug":"pages","created":"2018-03-14T13:22:06.593Z","created_at":"2018-03-14T13:22:06.593Z","user_id":"5982e43580aaa862200007ac","options":{"slug_field":1,"content_editor":1},"order":6,"status":null},{"_id":"5aa921fe86e37313dc96a663","old_id":"5a9d384785e79769d9954346","bucket":"5aa9219e86e37313dc96a64e","slug":"contact-info","title":"Contact Info","content":"","metafields":[{"value":"555-555-5555","key":"phone","title":"Phone","type":"text","children":false},{"value":"medical-pro@untitled.tld","key":"email","title":"Email","type":"text","children":false},{"value":"<p>12345 Medical Rd<br>Everywhere, USA</p>","key":"address","title":"Address","type":"html-textarea","children":false}],"type_slug":"globals","created":"2018-03-14T13:22:06.595Z","created_at":"2018-03-14T13:22:06.595Z","user_id":"5982e43580aaa862200007ac","options":{"slug_field":1,"content_editor":0},"order":6,"status":"published"},{"_id":"5aa921fe86e37313dc96a664","old_id":"5a9d384785e79769d9954347","bucket":"5aa9219e86e37313dc96a64e","slug":"footer","title":"Footer","content":"","metafields":[{"value":"Medicenter","key":"company_title","title":"Company Title","type":"text","children":false}],"type_slug":"globals","created":"2018-03-14T13:22:06.596Z","created_at":"2018-03-14T13:22:06.596Z","user_id":"5982e43580aaa862200007ac","options":{"slug_field":1,"content_editor":0},"order":7,"status":"published"},{"_id":"5aa921fe86e37313dc96a665","old_id":"5a9d384785e79769d9954348","bucket":"5aa9219e86e37313dc96a64e","slug":"home","title":"Home","content":"","metafields":[{"value":"Medicenter Cares for You","key":"headline","title":"Headline","type":"text","children":false},{"value":"We offer services for any patient that needs to get well","key":"subheadline","title":"Subheadline","type":"text","children":false},{"value":"","key":"carousel","title":"Carousel","type":"text","children":[{"value":"77b3c3c0-52ca-11e6-a069-734be6eb1ef6-shutterstock_218199787.png","key":"image","title":"Image","type":"file","children":false},{"value":"79e210f0-51c3-11e6-9e30-fb7e1b19bdc0-image1.jpg","key":"image","title":"Image","type":"file","children":false},{"value":"85707fc0-52cb-11e6-a069-734be6eb1ef6-shutterstock_59961622.png","key":"image","title":"Image","type":"file","children":false}]},{"value":"","key":"blurbs","title":"Blurbs","type":"text","children":[{"value":"Our Services","key":"blurb_1","title":"Blurb 1","type":"text","children":[{"value":"591595b0-52d4-11e6-a069-734be6eb1ef6-shutterstock_102057916.png","key":"image","title":"Image","type":"file","children":false},{"value":"Aerobic activity alcoholism animal dander arthritis body type certified diabetes educators (cdes) diagnosis ear canal external otitis genes glucagon growth hormone hormone ibuprofen joints keratin ketones myopia nebulizer optometrist retina rheumatologist sternutation varicella zoster violence virus.","key":"blurb_content","title":"Blurb Content","type":"textarea","children":false}]},{"value":"Patient Care","key":"blurb_1","title":"Blurb 1","type":"text","children":[{"value":"3dd962e0-52d4-11e6-a069-734be6eb1ef6-shutterstock_136759886.png","key":"image","title":"Image","type":"file","children":false},{"value":"Aerobic activity alcoholism animal dander arthritis body type certified diabetes educators (cdes) diagnosis ear canal external otitis genes glucagon growth hormone hormone ibuprofen joints keratin ketones myopia nebulizer optometrist retina rheumatologist sternutation varicella zoster violence virus.","key":"blurb_content","title":"Blurb Content","type":"textarea","children":false}]},{"value":"Patient Reviews","key":"blurb_1","title":"Blurb 1","type":"text","children":[{"value":"49f70e80-52cd-11e6-a069-734be6eb1ef6-shutterstock_270747038.png","key":"image","title":"Image","type":"file","children":false},{"value":"Aerobic activity alcoholism animal dander arthritis body type certified diabetes educators (cdes) diagnosis ear canal external otitis genes glucagon growth hormone hormone ibuprofen joints keratin ketones myopia nebulizer optometrist retina rheumatologist sternutation varicella zoster violence virus.","key":"blurb_content","title":"Blurb Content","type":"textarea","children":false}]}]},{"value":"Talk to a Medicenter Specialist","key":"call_to_action_text","title":"Call To Action Text","type":"text","children":false},{"value":"Let’s Get Started!","key":"call_to_action_subtext","title":"Call To Action Subtext","type":"text","children":false},{"value":"Contact Us","key":"call_to_action_button_text","title":"Call To Action Button Text","type":"text","children":false},{"value":"/contact","key":"call_to_action_button_link","title":"Call To Action Button Link","type":"text","children":false},{"value":"This is the SEO description.  Keep it short.","key":"seo_description","title":"SEO Description","type":"textarea","children":false}],"type_slug":"pages","created":"2018-03-14T13:22:06.597Z","created_at":"2018-03-14T13:22:06.597Z","user_id":"5982e43580aaa862200007ac","options":{"slug_field":1,"content_editor":1},"order":8,"status":"published"},{"_id":"5aa921fe86e37313dc96a666","old_id":"5a9d384785e79769d9954349","bucket":"5aa9219e86e37313dc96a64e","slug":"specialty-centers-and-programs","title":"Specialty Centers and Programs","content":"<p style=\"margin-bottom: 1em; padding: 0px; border: 0px; outline: 0px; vertical-align: baseline;\">Abdominals acne addiction allergist biopsy blackhead body type bowels canine teeth constipation cornea emotions exercise-induced asthma gastric juices grieving icu immunizations larynx melanin neuropathy operation ophthalmologist semicircular canals sphenopalatineganglioneuralgia stethoscope stress tinnitus violence. Aerobic activity antibiotics asthma flare-up astringents beta cells cast dandruff growth hormone immunotherapy and allergy shots influenza insulin injections keratin nausea pancreas perspiration red blood cells rx sebaceous glands sternutation surgery symptoms tinnitus tragus wheeze. Adhd braces bronchial tubes bruise cone dust mites epiglottis gastroenteritis gluteus maximus growth hormone gums hydrogen peroxide immunotherapy and allergy shots inhaler intensive care unit larynx microscope nicotine otitis media pancreas papillae pediatric endocrinologist polydipsia retractions rx suture ultrasound urine wisdom teeth.</p><p style=\"margin-bottom: 1em; padding: 0px; border: 0px; outline: 0px; vertical-align: baseline;\">Allergy shots and immunotherapy astringents blood glucose meter cerebral cortex chemotherapy diabetes mellitus eeg (electroencephalogram) genes hematoma immune system night guard oncologist otitis media rem rx. Anemia blood bank braces cancer cerebellum chromosomes contact lenses diagnosis enamel epiglottis hormones hyperglycemia ibuprofen insulin resistance laparoscopy nutrition orthodontist pupil retinopathy spacer virus. Addiction conjunctivitis eczema exchange meal plan exhale growth hormone hematoma hormones inhale insulin pump myopia red blood cells sclera spirometer taste buds zoonosis. Eardrum enamel eustachian tube fats fluoride grieving hormones larynx mucous membrane neuropathy optician pinna retina rheumatologist stapes stethoscope veins and arteries.</p><p style=\"margin-bottom: 1em; padding: 0px; border: 0px; outline: 0px; vertical-align: baseline;\">Allergy antihistamines bacteria bolus braces cerebral cortex diarrhea dislocation enamel epidermis exercise-induced asthma fluoride heredity perspiration polyphagia retina saliva tragus urticaria. Acne airway obstruction airways allergy shots and immunotherapy arteries and veins arthritis bruise bruxism canine teeth cornea disinfectants glycosylated hemoglobin test (hemoglobin a1c) lacrimal glands laparoscopy mucus nervous system ophthalmologist pimple seizure tragus. Alcoholism astigmatism braces cast disinfectants exercise-induced asthma gums histamine immunotherapy and allergy shots navel otitis media pilomotor reflex pimple radiologist rheumatologist urinalysis urticaria x-ray. Acne asthma flare-up astringents eardrum exhale floss gluteus maximus grieving icu lunula nausea papillae tobacco vaccine.</p><p style=\"margin-bottom: 1em; padding: 0px; border: 0px; outline: 0px; vertical-align: baseline;\">Addiction airway obstruction animal dander asthma flare-up blood glucose level braces constipation dna ketones malocclusion pediatric endocrinologist pulse rescue medications tobacco whitehead x-ray. Alignment anesthesia arthritis ear canal epiglottis fracture genetics glucose iris keratin laxatives polydipsia rem urine wheeze yawn. Adhd cerebral cortex enamel frenulum gluteus maximus gurney heredity hyperglycemia neurologist sebum tympanogram. Anesthesia cerebral cortex depressant diaphragm ear canal epiglottis floss genes hyperopia immunizations inhale melanin red blood cells stress tympanogram urine white blood cells. Blood glucose meter certified diabetes educators (cdes) chronic conjunctivitis depression enamel insulin pump involuntary muscle laxatives platelets.</p><p style=\"margin-bottom: 1em; padding: 0px; border: 0px; outline: 0px; vertical-align: baseline;\">Acne addiction antibiotics bolus cancer cardiologist certified diabetes educators (cdes) conjunctivitis decongestants dietitian dna emotions exchange meal plan gluteus maximus islet cells larynx lunula prosthesis red blood cells rescue medications retractions rheumatologist sebaceous glands semicircular canals sphenopalatineganglioneuralgia suture tobacco. Allergen allergy shots and immunotherapy anesthesia antibiotics contact lenses diaphragm enuresis exchange meal plan gastroenteritis insulin pump lens nasal cavity plaque prosthesis sclera sphenopalatineganglioneuralgia stapes triggers vitreous body. Blackhead cough dyslexia fatty acids glucose influenza occupational therapist optometrist pulmonologist rhinovirus semicircular canals.</p>","metafields":[{"value":"This is the SEO description.  Keep it short.","key":"seo_description","title":"SEO Description","type":"textarea","children":false}],"type_slug":"pages","created":"2018-03-14T13:22:06.601Z","created_at":"2018-03-14T13:22:06.601Z","user_id":"5982e43580aaa862200007ac","options":{"slug_field":1,"content_editor":1},"order":9,"status":"published"},{"_id":"5aa921fe86e37313dc96a667","old_id":"5a9d384785e79769d995434a","bucket":"5aa9219e86e37313dc96a64e","slug":"deciding-on-care","title":"Deciding on Care","content":"<p style=\"margin-bottom: 1em; padding: 0px; border: 0px; outline: 0px; vertical-align: baseline;\">Abdominals acne addiction allergist biopsy blackhead body type bowels canine teeth constipation cornea emotions exercise-induced asthma gastric juices grieving icu immunizations larynx melanin neuropathy operation ophthalmologist semicircular canals sphenopalatineganglioneuralgia stethoscope stress tinnitus violence. Aerobic activity antibiotics asthma flare-up astringents beta cells cast dandruff growth hormone immunotherapy and allergy shots influenza insulin injections keratin nausea pancreas perspiration red blood cells rx sebaceous glands sternutation surgery symptoms tinnitus tragus wheeze. Adhd braces bronchial tubes bruise cone dust mites epiglottis gastroenteritis gluteus maximus growth hormone gums hydrogen peroxide immunotherapy and allergy shots inhaler intensive care unit larynx microscope nicotine otitis media pancreas papillae pediatric endocrinologist polydipsia retractions rx suture ultrasound urine wisdom teeth.</p><p style=\"margin-bottom: 1em; padding: 0px; border: 0px; outline: 0px; vertical-align: baseline;\">Allergy shots and immunotherapy astringents blood glucose meter cerebral cortex chemotherapy diabetes mellitus eeg (electroencephalogram) genes hematoma immune system night guard oncologist otitis media rem rx. Anemia blood bank braces cancer cerebellum chromosomes contact lenses diagnosis enamel epiglottis hormones hyperglycemia ibuprofen insulin resistance laparoscopy nutrition orthodontist pupil retinopathy spacer virus. Addiction conjunctivitis eczema exchange meal plan exhale growth hormone hematoma hormones inhale insulin pump myopia red blood cells sclera spirometer taste buds zoonosis. Eardrum enamel eustachian tube fats fluoride grieving hormones larynx mucous membrane neuropathy optician pinna retina rheumatologist stapes stethoscope veins and arteries.</p><p style=\"margin-bottom: 1em; padding: 0px; border: 0px; outline: 0px; vertical-align: baseline;\">Allergy antihistamines bacteria bolus braces cerebral cortex diarrhea dislocation enamel epidermis exercise-induced asthma fluoride heredity perspiration polyphagia retina saliva tragus urticaria. Acne airway obstruction airways allergy shots and immunotherapy arteries and veins arthritis bruise bruxism canine teeth cornea disinfectants glycosylated hemoglobin test (hemoglobin a1c) lacrimal glands laparoscopy mucus nervous system ophthalmologist pimple seizure tragus. Alcoholism astigmatism braces cast disinfectants exercise-induced asthma gums histamine immunotherapy and allergy shots navel otitis media pilomotor reflex pimple radiologist rheumatologist urinalysis urticaria x-ray. Acne asthma flare-up astringents eardrum exhale floss gluteus maximus grieving icu lunula nausea papillae tobacco vaccine.</p><p style=\"margin-bottom: 1em; padding: 0px; border: 0px; outline: 0px; vertical-align: baseline;\">Addiction airway obstruction animal dander asthma flare-up blood glucose level braces constipation dna ketones malocclusion pediatric endocrinologist pulse rescue medications tobacco whitehead x-ray. Alignment anesthesia arthritis ear canal epiglottis fracture genetics glucose iris keratin laxatives polydipsia rem urine wheeze yawn. Adhd cerebral cortex enamel frenulum gluteus maximus gurney heredity hyperglycemia neurologist sebum tympanogram. Anesthesia cerebral cortex depressant diaphragm ear canal epiglottis floss genes hyperopia immunizations inhale melanin red blood cells stress tympanogram urine white blood cells. Blood glucose meter certified diabetes educators (cdes) chronic conjunctivitis depression enamel insulin pump involuntary muscle laxatives platelets.</p><p style=\"margin-bottom: 1em; padding: 0px; border: 0px; outline: 0px; vertical-align: baseline;\">Acne addiction antibiotics bolus cancer cardiologist certified diabetes educators (cdes) conjunctivitis decongestants dietitian dna emotions exchange meal plan gluteus maximus islet cells larynx lunula prosthesis red blood cells rescue medications retractions rheumatologist sebaceous glands semicircular canals sphenopalatineganglioneuralgia suture tobacco. Allergen allergy shots and immunotherapy anesthesia antibiotics contact lenses diaphragm enuresis exchange meal plan gastroenteritis insulin pump lens nasal cavity plaque prosthesis sclera sphenopalatineganglioneuralgia stapes triggers vitreous body. Blackhead cough dyslexia fatty acids glucose influenza occupational therapist optometrist pulmonologist rhinovirus semicircular canals.</p>","metafields":[{"value":"This is the SEO description.  Keep it short.","key":"seo_description","title":"SEO Description","type":"textarea","children":false}],"type_slug":"pages","created":"2018-03-14T13:22:06.602Z","created_at":"2018-03-14T13:22:06.602Z","user_id":"5982e43580aaa862200007ac","options":{"slug_field":1,"content_editor":1},"order":10,"status":"published"},{"_id":"5aa921fe86e37313dc96a668","old_id":"5a9d384785e79769d995434b","bucket":"5aa9219e86e37313dc96a64e","slug":"about-us","title":"About us","content":"<p style=\"margin-bottom: 1em; padding: 0px; border: 0px; outline: 0px; vertical-align: baseline;\">Aerobic activity alcoholism animal dander arthritis body type certified diabetes educators (cdes) diagnosis ear canal external otitis genes glucagon growth hormone hormone ibuprofen joints keratin ketones myopia nebulizer optometrist retina rheumatologist sternutation varicella zoster violence virus. Allergen allergy allergy shots and immunotherapy allergy-triggered asthma anesthesia blood bank cancer carbohydrate counting cardiologist dandruff genes hemangioma hydrocortisone insulin lymph nasal cavity scoliosis semicircular canals skin test x-ray. Allergist antibiotics anus blood type diabetes mellitus exercise-induced asthma gingivitis glycemic index gums ibuprofen involuntary muscle lung function tests nutrition otitis media otolaryngologist pediatric endocrinologist scoliosis seizure.</p><p style=\"margin-bottom: 1em; padding: 0px; border: 0px; outline: 0px; vertical-align: baseline;\">Alignment astigmatism astringents blood bank blood type bronchial tubes cancer cerumen dermatologist emotions enuresis fracture heredity humidifier keratin lacrimal glands optician optometrist peak flow meter pneumonia rx scar sphenopalatineganglioneuralgia stethoscope urticaria vertebrae virus whitehead. Abrasion acne allergist anus astringents beta cells bronchodilator cerebellum congestion conjunctivitis diaphragm frostbite glycosylated hemoglobin test (hemoglobin a1c) immunotherapy and allergy shots insulin resistance melanin ophthalmologist rheumatologist scar stapes symptoms tobacco urine vaccine varicella zoster wheeze. Addiction blackhead cornea dyslexia gastric juices ketoacidosis retinopathy rhinovirus stethoscope virus.</p>","metafields":[{"value":"This is the SEO description.  Keep it short.","key":"seo_description","title":"SEO Description","type":"textarea","children":false}],"type_slug":"pages","created":"2018-03-14T13:22:06.603Z","created_at":"2018-03-14T13:22:06.603Z","user_id":"5982e43580aaa862200007ac","options":{"slug_field":1,"content_editor":1},"order":11,"status":"published"}],"media":[{"_id":"5aa921fe86e37313dc96a670","name":"3dd962e0-52d4-11e6-a069-734be6eb1ef6-shutterstock_136759886.png","original_name":"shutterstock_136759886.png","size":1553225,"type":"image/png","bucket":"5aa9219e86e37313dc96a64e","created":"2016-07-26T01:57:00.579Z","folder":null,"location":"https://s3-us-west-2.amazonaws.com/cosmicjs"},{"_id":"5aa921fe86e37313dc96a671","name":"591595b0-52d4-11e6-a069-734be6eb1ef6-shutterstock_102057916.png","original_name":"shutterstock_102057916.png","size":3303055,"type":"image/png","bucket":"5aa9219e86e37313dc96a64e","created":"2016-07-26T01:57:46.354Z","folder":null,"location":"https://s3-us-west-2.amazonaws.com/cosmicjs"},{"_id":"5aa921fe86e37313dc96a669","name":"991f6b90-51c1-11e6-9e30-fb7e1b19bdc0-Screen Shot 2016-07-24 at 12.10.24 PM.png","original_name":"Screen Shot 2016-07-24 at 12.10.24 PM.png","size":14453,"type":"image/png","bucket":"5aa9219e86e37313dc96a64e","created":"2016-07-24T17:11:02.091Z","folder":null,"location":"https://s3-us-west-2.amazonaws.com/cosmicjs"},{"_id":"5aa921fe86e37313dc96a66a","name":"79e210f0-51c3-11e6-9e30-fb7e1b19bdc0-image1.jpg","original_name":"image1.jpg","size":582298,"type":"image/jpeg","bucket":"5aa9219e86e37313dc96a64e","created":"2016-07-24T17:24:28.732Z","folder":null,"location":"https://s3-us-west-2.amazonaws.com/cosmicjs"},{"_id":"5aa921fe86e37313dc96a66b","name":"0713f190-51ca-11e6-9e30-fb7e1b19bdc0-Screen Shot 2016-07-24 at 1.11.05 PM.png","original_name":"Screen Shot 2016-07-24 at 1.11.05 PM.png","size":9067,"type":"image/png","bucket":"5aa9219e86e37313dc96a64e","created":"2016-07-24T18:11:22.539Z","folder":null,"location":"https://s3-us-west-2.amazonaws.com/cosmicjs"},{"_id":"5aa921fe86e37313dc96a66c","name":"2c9b41c0-52a6-11e6-a069-734be6eb1ef6-doc.png","original_name":"doc.png","size":97142,"type":"image/png","bucket":"5aa9219e86e37313dc96a64e","created":"2016-07-25T20:27:14.838Z","folder":null,"location":"https://s3-us-west-2.amazonaws.com/cosmicjs"},{"_id":"5aa921fe86e37313dc96a66d","name":"77b3c3c0-52ca-11e6-a069-734be6eb1ef6-shutterstock_218199787.png","original_name":"shutterstock_218199787.png","size":646705,"type":"image/png","bucket":"5aa9219e86e37313dc96a64e","created":"2016-07-26T00:47:02.672Z","folder":null,"location":"https://s3-us-west-2.amazonaws.com/cosmicjs"},{"_id":"5aa921fe86e37313dc96a66e","name":"85707fc0-52cb-11e6-a069-734be6eb1ef6-shutterstock_59961622.png","original_name":"shutterstock_59961622.png","size":1671542,"type":"image/png","bucket":"5aa9219e86e37313dc96a64e","created":"2016-07-26T00:54:35.216Z","folder":null,"location":"https://s3-us-west-2.amazonaws.com/cosmicjs"},{"_id":"5aa921fe86e37313dc96a66f","name":"71f30d70-52d3-11e6-a069-734be6eb1ef6-shutterstock_208763188.png","original_name":"shutterstock_208763188.png","size":1882015,"type":"image/png","bucket":"5aa9219e86e37313dc96a64e","created":"2016-07-26T01:51:18.517Z","folder":null,"location":"https://s3-us-west-2.amazonaws.com/cosmicjs"}],"media_folders":[],"extensions":[],"thumbnail":null}}